INSERT INTO `user`(github_id)
VALUES ("kkk@honux.com"),
       ("jjj@honux.com"),
       ("qqq@honux.com"),
       ("rrr@honux.com"),
       ("ppp@honux.com"),
       ("aaa@honux.com");

INSERT INTO game(id, home_user_id, away_user_id, `playing_status`)
VALUES (1, null, null, "READY"),
       (2, null, null, "READY"),
       (3, null, null, "READY"),
       (4, null, null, "READY"),
       (5, null, null, "READY"),
       (6, null, null, "READY"),
       (7, null, null, "READY"),
       (8, null, null, "READY"),
       (9, null, null, "READY"),
       (10, null, null, "READY");

INSERT INTO team (id, `name`)
VALUES (1, "hanwha"),
       (2, "doosan"),
       (3, "kia"),
       (4, "samsung"),
       (5, "lotte"),
       (6, "lg");

INSERT INTO game_has_team(team_id, game, game_key, score)
VALUES (1, 1, "HOME", 0),
       (2, 1, "AWAY", 0),
       (3, 2, "HOME", 0),
       (4, 2, "AWAY", 0),
       (5, 3, "HOME", 0),
       (6, 3, "AWAY", 0);

INSERT INTO player(`name`, team, `uniform_number`, is_pitcher)
VALUES ("김오잉", 1, 1, true),
       ("남치수", 1, 2, false),
       ("임준섭", 1, 3, false),
       ("김종식", 1, 4, false),
       ("남색", 1, 5, false),
       ("임춘", 1, 6, false),
       ("김총", 1, 7, false),
       ("남치", 1, 8, false),
       ("임꺽정", 1, 9, false),
       ("하이", 2, 11, true),
       ("바이", 2, 12, false),
       ("봉쥬르", 2, 13, false),
       ("호랑이", 2,14, false),
       ("추신수", 2, 15, false),
       ("박지성", 2, 16, false),
       ("불낙", 2, 17, false),
       ("이건희", 2, 18, false),
       ("호두마루", 2, 19, false),
       ("윤중현", 3, 20, false),
       ("심동섭", 3, 21, false),
       ("이민우", 3, 22, false),
       ("이준영", 3, 23, false),
       ("임기영", 3, 24, true),
       ("남재현", 3, 25, false),
       ("김윤동", 3, 26, false),
       ("박준표", 3, 27, false),
       ("브룩스", 3, 28, false),
       ("홍정우", 4, 29, false),
       ("양창섭", 4, 30, false),
       ("김대우", 4, 31, false),
       ("심창민", 4, 32, true),
       ("구준범", 4, 33, false),
       ("우규민", 4, 34, false),
       ("이승현", 4, 35, false),
       ("오승환", 4, 36, false),
       ("장필준", 4, 37, false),
       ("토마토", 5, 38, false),
       ("해물", 5, 39, true),
       ("박치기", 5, 40, false),
       ("태평양", 5, 41, false),
       ("알리오", 5, 42, false),
       ("올리오", 5, 43, false),
       ("아숨차", 5, 44, false),
       ("힘들어", 5, 45, false),
       ("힘내려", 5, 46, false),
       ("멸치국수", 6, 47, false),
       ("김칫국", 6, 48, false),
       ("된장", 6, 49, true),
       ("고추장", 6, 50, false),
       ("라면", 6, 51, false),
       ("케찹", 6, 52, false),
       ("콩국수", 6, 53, false),
       ("청국장", 6, 54, false),
       ("미역국", 6, 55, false),
       ("가가가", 7, 56, false),
       ("나나나", 7, 57, false),
       ("다다다", 7, 58, false),
       ("라라라", 7, 59, false),
       ("마마마", 7, 60, true),
       ("바바바", 7, 61, false),
       ("사사사", 7, 62, false),
       ("아아아", 7, 63, false),
       ("자자자", 7, 64, false),
       ("고고고", 8, 65, false),
       ("노노노", 8, 66, false),
       ("도도도", 8, 67, false),
       ("로로로", 8, 68, true),
       ("모모모", 8, 69, false),
       ("보보보", 8, 70, false),
       ("소소소", 8, 71, false),
       ("오오오", 8, 72, false),
       ("조조조", 8, 73, false),
       ("구구구", 9, 65, false),
       ("누누누", 9, 66, false),
       ("두두두", 9, 67, false),
       ("루루루", 9, 68, false),
       ("무무무", 9, 69, true),
       ("부부부", 9, 70, false),
       ("수수수", 9, 71, false),
       ("우우우", 9, 72, false),
       ("주주주", 9, 73, false),
       ("김수한무", 10, 65, true),
       ("거북이", 10, 66, false),
       ("삼천갑자", 10, 67, false),
       ("두루미", 10, 68, false),
       ("시시", 10, 69, false),
       ("보기기", 10, 70, false),
       ("솜소",10, 71, false),
       ("소박소", 10, 72, false),
       ("조조조이", 10, 73, false);

