INSERT INTO `user`(github_id)
VALUES ("kkk@honux.com"),
       ("jjj@honux.com"),
       ("qqq@honux.com"),
       ("rrr@honux.com"),
       ("ppp@honux.com"),
       ("aaa@honux.com");

INSERT INTO game(`id`, `playing_status`)
VALUES (1, "READY"),
       (2, "READY"),
       (3, "READY"),
       (4, "READY"),
       (5, "READY"),
       (6, "READY"),
       (7, "READY"),
       (8, "READY"),
       (9, "READY"),
       (10, "READY");

INSERT INTO team (id, `name`)
VALUES (1, "hanwha"),
       (2, "doosan"),
       (3, "kia"),
       (4, "samsung"),
       (5, "lotte"),
       (6, "lg"),
       (7, "hanzin"),
       (8, "dooson"),
       (9, "kila"),
       (10, "samssssung"),
       (11, "lottek"),
       (12, "lgggg"),
       (13, "hamha"),
       (14, "san"),
       (15, "a"),
       (16, "amsung"),
       (17, "lot"),
       (18, "lggg"),
       (19, "lgaa"),
       (20, "lgoo");



INSERT INTO game_has_team(team_id, game, game_key, score)
VALUES (1, 1, "HOME", 0),
       (2, 1, "AWAY", 0),
       (3, 2, "HOME", 0),
       (4, 2, "AWAY", 0),
       (5, 3, "HOME", 0),
       (6, 3, "AWAY", 0),
       (7, 4, "HOME", 0),
       (8, 4, "AWAY", 0),
       (9, 5, "HOME", 0),
       (10, 5, "AWAY", 0),
       (11, 6, "HOME", 0),
       (12, 6, "AWAY", 0),
       (13, 7, "HOME", 0),
       (14, 7, "AWAY", 0),
       (15, 8, "HOME", 0),
       (16, 8, "AWAY", 0),
       (17, 9, "HOME", 0),
       (18, 9, "AWAY", 0),
       (19, 10, "HOME", 0),
       (20, 10, "AWAY", 0);



INSERT INTO player(`name`, team, `uniform_number`, is_pitcher)
VALUES ("김오잉", 1, 1, true),
       ("남치수", 1, 2, false),
       ("임준섭", 1, 3, false),
       ("김종식", 1, 4, false),
       ("남색송", 1, 5, false),
       ("임춘배", 1, 6, false),
       ("김총총", 1, 7, false),
       ("남순순", 1, 8, false),
       ("임꺽정", 1, 9, false),
       ("임홍시", 2, 10, false),
       ("하이용", 2, 11, true),
       ("바이용", 2, 12, false),
       ("봉쥬르", 2, 13, false),
       ("호랑이", 2, 14, false),
       ("추신수", 2, 15, false),
       ("박지성", 2, 16, false),
       ("낙곱새", 2, 17, false),
       ("이건희", 2, 18, false),
       ("호두퀸", 3, 19, false),
       ("윤중현", 3, 20, false),
       ("심동섭", 3, 21, false),
       ("이민우", 3, 22, false),
       ("이준영", 3, 23, false),
       ("임기영", 3, 24, true),
       ("남재현", 3, 25, false),
       ("김윤동", 3, 26, false),
       ("박준표", 3, 27, false),
       ("브룩스", 4, 28, false),
       ("홍정우", 4, 29, false),
       ("양창섭", 4, 30, false),
       ("김대우", 4, 31, false),
       ("심창민", 4, 32, true),
       ("구준범", 4, 33, false),
       ("우규민", 4, 34, false),
       ("이승현", 4, 35, false),
       ("오승환", 4, 36, false),
       ("장필준", 5, 37, false),
       ("토마토", 5, 38, false),
       ("해물킹", 5, 39, true),
       ("박치기", 5, 40, false),
       ("태평양", 5, 41, false),
       ("알리오", 5, 42, false),
       ("올리오", 5, 43, false),
       ("아숨차", 5, 44, false),
       ("힘들어", 5, 45, false),
       ("힘내려", 6, 46, false),
       ("멸치국", 6, 47, false),
       ("김칫국", 6, 48, false),
       ("된장굿", 6, 49, true),
       ("고추장", 6, 50, false),
       ("라면굿", 6, 51, false),
       ("케찹굿", 6, 52, false),
       ("콩국수", 6, 53, false),
       ("청국장", 6, 54, false),
       ("미역국", 7, 55, false),
       ("가가가", 7, 56, false),
       ("나나나", 7, 57, false),
       ("다다다", 7, 58, false),
       ("라라라", 7, 59, false),
       ("마마마", 7, 60, true),
       ("바바바", 7, 61, false),
       ("사사사", 7, 62, false),
       ("아아아", 7, 63, false),
       ("자자자", 8, 64, false),
       ("고고고", 8, 65, false),
       ("노노노", 8, 66, false),
       ("도도도", 8, 67, false),
       ("로로로", 8, 68, true),
       ("모모모", 8, 69, false),
       ("보보보", 8, 70, false),
       ("소소소", 8, 71, false),
       ("오오오", 8, 72, false),
       ("조조조", 9, 73, false),
       ("김오잉", 9, 74, true),
       ("남치수", 9, 75, false),
       ("임준섭", 9, 76, false),
       ("김종식", 9, 77, false),
       ("남색짱", 9, 78, false),
       ("임춘배", 9, 79, false),
       ("김총각", 9, 80, false),
       ("남치수", 9, 81, false),
       ("임꺽정", 10, 82, false),
       ("하이루", 10, 83, true),
       ("바이요", 10, 84, false),
       ("봉쥬르", 10, 85, false),
       ("호랑이", 10, 86, false),
       ("추신수", 10, 87, false),
       ("박지성", 10, 88, false),
       ("불낙지", 10, 89, false),
       ("이건희", 10, 90, false),
       ("호두킹", 11, 91, false),
       ("윤중현", 11, 92, false),
       ("심동섭", 11, 93, false),
       ("이민우", 11, 94, false),
       ("이준영", 11, 95, false),
       ("임기영", 11, 96, true),
       ("남재현", 11, 97, false),
       ("김윤동", 11, 98, false),
       ("박준표", 11, 99, false),
       ("브룩스", 12, 100, false),
       ("홍정우", 12, 101, false),
       ("양창섭", 12, 102, false),
       ("김대우", 12, 103, false),
       ("심창민", 12, 104, true),
       ("구준범", 12, 105, false),
       ("우규민", 12, 106, false),
       ("이승현", 12, 107, false),
       ("오승환", 12, 108, false),
       ("장필준", 13, 109, false),
       ("토마토", 13, 110, false),
       ("해물탕", 13, 111, true),
       ("박치기", 13, 112, false),
       ("태평양", 13, 113, false),
       ("알리오", 13, 114, false),
       ("올리오", 13, 115, false),
       ("아숨차", 13, 116, false),
       ("힘들어", 13, 117, false),
       ("힘내렴", 14, 118, false),
       ("멸치국", 14, 119, false),
       ("김칫국", 14, 120, false),
       ("된장짱", 14, 121, true),
       ("고추장", 14, 122, false),
       ("라면땅", 14, 123, false),
       ("사우전", 14, 124, false),
       ("콩국수", 14, 125, false),
       ("청국장", 14, 126, false),
       ("미역국", 15, 127, false),
       ("가가가", 15, 128, false),
       ("나나나", 15, 129, false),
       ("다다다", 15, 130, false),
       ("라라라", 15, 131, false),
       ("마마마", 15, 132, true),
       ("바바바", 15, 133, false),
       ("사사사", 15, 134, false),
       ("아아아", 15, 135, false),
       ("자자자", 16, 136, false),
       ("고고고", 16, 137, false),
       ("노노노", 16, 138, false),
       ("도도도", 16, 139, false),
       ("로로로", 16, 140, true),
       ("모모모", 16, 141, false),
       ("보보보", 16, 142, false),
       ("소소소", 16, 143, false),
       ("오오오", 16, 144, false),
       ("조조조", 17, 145, false),
       ("구구구", 17, 146, false),
       ("누누누", 17, 147, false),
       ("두두두", 17, 148, false),
       ("루루루", 17, 149, false),
       ("무무무", 17, 150, true),
       ("부부부", 17, 151, false),
       ("수수수", 17, 152, false),
       ("우우우", 17, 153, false),
       ("주주주", 18, 154, false),
       ("김수한", 18, 155, true),
       ("거북이", 18, 156, false),
       ("삼천갑", 18, 157, false),
       ("두루미", 18, 159, false),
       ("시시콜", 18, 160, false),
       ("보자기", 18, 161, false),
       ("솜솜솜", 18, 162, false),
       ("소박소", 18, 163, false),
       ("조이킹", 19, 164, false),
       ("구구구", 19, 165, false),
       ("누누누", 19, 166, false),
       ("두두두", 19, 167, false),
       ("루루루", 19, 168, false),
       ("무무무", 19, 169, true),
       ("부부부", 19, 170, false),
       ("수수수", 19, 171, false),
       ("우우우", 19, 172, false),
       ("주주주", 20, 173, false),
       ("김수한", 20, 174, true),
       ("거북이", 20, 175, false),
       ("삼천갑", 20, 176, false),
       ("두루미", 20, 177, false),
       ("시시콜", 20, 178, false),
       ("보자기", 20, 179, false),
       ("솜솜솜", 20, 180, false),
       ("소박소", 20, 181, false);
